Value,Count,Percent
Adherent,165260,69.79150390006377
Suspension,55560,23.46372961810204
Unknown,8906,3.7611226778044773
Semi-Adherent,7065,2.983643804029714
