Value,Count,Percent
Y,227885,94.15373809572995
Missing,9366,3.8696882682256697
N,4784,1.9765736360443737
