Value,Count,Percent
R,126948,53.61183490926598
D/F12,100937,42.62704241292955
Unknown,8906,3.7611226778044773
