Value,Count,Percent
Adherent,168430,69.58910901315926
Suspension,56814,23.47346458156878
Missing,9366,3.8696882682256697
Semi-Adherent,7425,3.067738137046295
