Value,Count,Percent
MSS/MSI-L,214104,88.45993348069494
MSI-H,15578,6.436259218708037
Missing,12353,5.103807300597022
