Value,Count,Percent
Y,225081,92.99522796289793
Missing,9366,3.8696882682256697
N,7588,3.1350837688764024
