Value,Count,Percent
Y,226867,95.80896233387249
Unknown,8906,3.7611226778044773
N,1018,0.4299149883230359
