Value,Count,Percent
MSS/MSI-L,209677,88.5493958807556
MSI-H,15401,6.504047873441136
Unknown,11713,4.946556245803261
