Value,Count,Percent
R,129756,53.61042824384903
D/F12,102913,42.5198834879253
Missing,9366,3.8696882682256697
