Value,Count,Percent
Y,227885,96.23887732219552
Unknown,8906,3.7611226778044773
