Value,Count,Percent
Y,222269,93.86716555950184
Unknown,8906,3.7611226778044773
N,5616,2.3717117626936837
