Value,Count,Percent
Y,231651,95.70971140537526
Missing,9366,3.8696882682256697
N,1018,0.42060032639907446
