Value,Count,Percent
HTS002,592912,85.90537125901199
MTS010,63528,9.204395298699493
MTS006,32930,4.77113614762269
MTS005,822,0.11909729466583212
