Value,Count,Percent
HTS002,317605,89.26905088480652
MTS010,19909,5.595810941470106
MTS006,18195,5.114057967755717
MTS005,75,0.021080205967665775
